{
  "360GPT_S2_V9": 0.8572,
  "360gpt-pro": 0.8572,
  "360gpt-turbo": 0.0858,
  "360gpt-turbo-responsibility-8k": 0.8572,
  "360gpt2-pro": 0.8572,
  "ada": 10,
  "babbage": 10,
  "babbage-002": 0.2,
  "bge-large-en": 0.13698630137,
  "bge-large-zh": 0.13698630137,
  "BLOOMZ-7B": 0.27397260274,
  "chatglm_lite": 0.1429,
  "chatglm_pro": 0.7143,
  "chatglm_std": 0.3572,
  "chatglm_turbo": 0.3572,
  "chatgpt-4o-latest": 2.5,
  "claude-3-5-haiku-20241022": 0.5,
  "claude-3-5-sonnet-20240620": 1.5,
  "claude-3-5-sonnet-20241022": 1.5,
  "claude-3-7-sonnet-20250219": 1.5,
  "claude-3-7-sonnet-20250219-thinking": 1.5,
  "claude-3-haiku-20240307": 0.125,
  "claude-3-opus-20240229": 7.5,
  "claude-3-sonnet-20240229": 1.5,
  "claude-haiku-4-5-20251001": 0.5,
  "claude-opus-4-1-20250805": 7.5,
  "claude-opus-4-20250514": 7.5,
  "claude-opus-4-5-20251101": 2.5,
  "claude-opus-4-6": 2.5,
  "claude-opus-4-6-high": 2.5,
  "claude-opus-4-6-low": 2.5,
  "claude-opus-4-6-max": 2.5,
  "claude-opus-4-6-medium": 2.5,
  "claude-opus-4-6-thinking": 2.5,
  "claude-sonnet-4-6": 1.5,
  "claude-sonnet-4-20250514": 1.5,
  "claude-sonnet-4-5-20250929": 1.5,
  "code-davinci-edit-001": 10,
  "command": 0.5,
  "command-light": 0.5,
  "command-light-nightly": 0.5,
  "command-nightly": 0.5,
  "command-r": 0.25,
  "command-r-08-2024": 0.075,
  "command-r-plus": 1.5,
  "command-r-plus-08-2024": 1.25,
  "curie": 10,
  "davinci": 10,
  "davinci-002": 1,
  "deepseek-ai/DeepSeek-R1": 0.8,
  "deepseek-ai/DeepSeek-R1-0528": 0.8,
  "deepseek-ai/DeepSeek-V3-0324": 0.8,
  "deepseek-ai/DeepSeek-V3.1": 0.8,
  "deepseek-chat": 0.135,
  "deepseek-coder": 0.135,
  "deepseek-reasoner": 0.275,
  "embedding_s1_v1": 0.0715,
  "embedding-bert-512-v1": 0.0715,
  "Embedding-V1": 0.13698630137,
  "ERNIE-3.5-4K-0205": 0.821917808219,
  "ERNIE-3.5-8K": 0.821917808219,
  "ERNIE-3.5-8K-0205": 1.643835616438,
  "ERNIE-3.5-8K-1222": 0.821917808219,
  "ERNIE-4.0-8K": 8.219178082192,
  "ERNIE-Bot-8K": 1.643835616438,
  "ERNIE-Lite-8K-0308": 0.205479452055,
  "ERNIE-Lite-8K-0922": 0.547945205479,
  "ERNIE-Speed-128K": 0.27397260274,
  "ERNIE-Speed-8K": 0.27397260274,
  "ERNIE-Tiny-8K": 0.068493150685,
  "gemini-1.5-flash-latest": 0.075,
  "gemini-1.5-pro-latest": 1.25,
  "gemini-2.0-flash": 0.05,
  "gemini-2.5-flash": 0.15,
  "gemini-2.5-flash-lite": 0.05,
  "gemini-2.5-flash-lite-preview-06-17": 0.05,
  "gemini-2.5-flash-lite-preview-thinking-*": 0.05,
  "gemini-2.5-flash-preview-04-17": 0.075,
  "gemini-2.5-flash-preview-04-17-nothinking": 0.075,
  "gemini-2.5-flash-preview-04-17-thinking": 0.075,
  "gemini-2.5-flash-preview-05-20": 0.075,
  "gemini-2.5-flash-preview-05-20-nothinking": 0.075,
  "gemini-2.5-flash-preview-05-20-thinking": 0.075,
  "gemini-2.5-flash-thinking-*": 0.075,
  "gemini-2.5-pro": 0.625,
  "gemini-2.5-pro-exp-03-25": 0.625,
  "gemini-2.5-pro-preview-03-25": 0.625,
  "gemini-2.5-pro-thinking-*": 0.625,
  "gemini-3-flash-preview": 0.25,
  "gemini-3-pro-preview": 1.0,
  "gemini-3.1-flash-lite-preview": 0.125,
  "gemini-3.1-pro-preview": 1.0,
  "gemini-embedding-001": 0.075,
  "gemini-robotics-er-1.5-preview": 0.15,
  "glm-3-turbo": 0.3572,
  "glm-4": 7.143,
  "glm-4-0520": 6.849315068493,
  "glm-4-air": 0.068493150685,
  "glm-4-airx": 0.684931506849,
  "glm-4-alltools": 6.849315068493,
  "glm-4-flash": 0,
  "glm-4-long": 0.068493150685,
  "glm-4-plus": 3.424657534247,
  "glm-4v": 3.424657534247,
  "glm-4v-plus": 0.684931506849,
  "gpt-3.5-turbo": 0.25,
  "gpt-3.5-turbo-0125": 0.25,
  "gpt-3.5-turbo-0613": 0.75,
  "gpt-3.5-turbo-1106": 0.5,
  "gpt-3.5-turbo-16k": 1.5,
  "gpt-3.5-turbo-16k-0613": 1.5,
  "gpt-3.5-turbo-instruct": 0.75,
  "gpt-4": 15,
  "gpt-4-0125-preview": 5,
  "gpt-4-0613": 15,
  "gpt-4-1106-preview": 5,
  "gpt-4-1106-vision-preview": 5,
  "gpt-4-32k": 30,
  "gpt-4-32k-0613": 30,
  "gpt-4-all": 15,
  "gpt-4-turbo": 5,
  "gpt-4-turbo-2024-04-09": 5,
  "gpt-4-turbo-preview": 5,
  "gpt-4-vision-preview": 5,
  "gpt-4.1": 1,
  "gpt-4.1-2025-04-14": 1,
  "gpt-4.1-mini": 0.2,
  "gpt-4.1-mini-2025-04-14": 0.2,
  "gpt-4.1-nano": 0.05,
  "gpt-4.1-nano-2025-04-14": 0.05,
  "gpt-4.5-preview": 37.5,
  "gpt-4.5-preview-2025-02-27": 37.5,
  "gpt-4o": 1.25,
  "gpt-4o-2024-05-13": 2.5,
  "gpt-4o-2024-08-06": 1.25,
  "gpt-4o-2024-11-20": 1.25,
  "gpt-4o-all": 15,
  "gpt-4o-audio-preview": 1.25,
  "gpt-4o-audio-preview-2024-10-01": 1.25,
  "gpt-4o-gizmo-*": 2.5,
  "gpt-4o-mini": 0.075,
  "gpt-4o-mini-2024-07-18": 0.075,
  "gpt-4o-mini-realtime-preview": 0.3,
  "gpt-4o-mini-realtime-preview-2024-12-17": 0.3,
  "gpt-4o-realtime-preview": 2.5,
  "gpt-4o-realtime-preview-2024-10-01": 2.5,
  "gpt-4o-realtime-preview-2024-12-17": 2.5,
  "gpt-5": 0.625,
  "gpt-5-2025-08-07": 0.625,
  "gpt-5-chat-latest": 0.625,
  "gpt-5-codex": 0.625,
  "gpt-5-codex-mini": 0.3125,
  "gpt-5-mini": 0.125,
  "gpt-5-mini-2025-08-07": 0.125,
  "gpt-5-nano": 0.025,
  "gpt-5-nano-2025-08-07": 0.025,
  "gpt-5.1": 1.0,
  "gpt-5.1-codex": 1.0,
  "gpt-5.1-codex-max": 2.5,
  "gpt-5.1-codex-mini": 0.5,
  "gpt-5.2": 1.25,
  "gpt-5.2-codex": 1.25,
  "gpt-5.3-codex": 1.5,
  "gpt-5.3-codex-spark": 0.5,
  "gpt-5.4": 2.5,
  "gpt-5.4-mini": 0.25,
  "gpt-image-1": 2.5,
  "grok-2": 1,
  "grok-2-vision": 1,
  "grok-3-beta": 1.5,
  "grok-3-fast-beta": 2.5,
  "grok-3-mini-beta": 0.15,
  "grok-3-mini-fast-beta": 0.3,
  "grok-beta": 2.5,
  "grok-vision-beta": 2.5,
  "hunyuan": 7.143,
  "llama-3-sonar-large-32k-chat": 0,
  "llama-3-sonar-large-32k-online": 0,
  "llama-3-sonar-small-32k-chat": 0.1,
  "llama-3-sonar-small-32k-online": 0.1,
  "NousResearch/Hermes-4-405B-FP8": 0.8,
  "o1": 7.5,
  "o1-2024-12-17": 7.5,
  "o1-mini": 0.55,
  "o1-mini-2024-09-12": 0.55,
  "o1-preview": 7.5,
  "o1-preview-2024-09-12": 7.5,
  "o1-pro": 75,
  "o1-pro-2025-03-19": 75,
  "o3": 1,
  "o3-2025-04-16": 1,
  "o3-deep-research": 5,
  "o3-deep-research-2025-06-26": 5,
  "o3-mini": 0.55,
  "o3-mini-2025-01-31": 0.55,
  "o3-mini-2025-01-31-high": 0.55,
  "o3-mini-2025-01-31-low": 0.55,
  "o3-mini-2025-01-31-medium": 0.55,
  "o3-mini-high": 0.55,
  "o3-mini-low": 0.55,
  "o3-mini-medium": 0.55,
  "o3-pro": 10,
  "o3-pro-2025-06-10": 10,
  "o4-mini": 0.55,
  "o4-mini-2025-04-16": 0.55,
  "o4-mini-deep-research": 1,
  "o4-mini-deep-research-2025-06-26": 1,
  "openai/gpt-oss-120b": 0.5,
  "PaLM-2": 1,
  "qwen-plus": 10,
  "qwen-turbo": 0.8572,
  "Qwen/Qwen3-235B-A22B-Instruct-2507": 0.3,
  "Qwen/Qwen3-235B-A22B-Thinking-2507": 0.6,
  "Qwen/Qwen3-Coder-480B-A35B-Instruct-FP8": 0.8,
  "semantic_similarity_s1_v1": 0.0715,
  "SparkDesk-v1.1": 1.2858,
  "SparkDesk-v2.1": 1.2858,
  "SparkDesk-v3.1": 1.2858,
  "SparkDesk-v3.5": 1.2858,
  "SparkDesk-v4.0": 1.2858,
  "tao-8k": 0.13698630137,
  "text-ada-001": 0.2,
  "text-babbage-001": 0.25,
  "text-curie-001": 1,
  "text-davinci-edit-001": 10,
  "text-embedding-004": 0.001,
  "text-embedding-3-large": 0.065,
  "text-embedding-3-small": 0.01,
  "text-embedding-ada-002": 0.05,
  "text-embedding-v1": 0.05,
  "text-moderation-latest": 0.1,
  "text-moderation-stable": 0.1,
  "text-search-ada-doc-001": 10,
  "tts-1": 7.5,
  "tts-1-1106": 7.5,
  "tts-1-hd": 15,
  "tts-1-hd-1106": 15,
  "whisper-1": 15,
  "yi-34b-chat-0205": 0.18,
  "yi-34b-chat-200k": 0.864,
  "yi-large": 1.369863013698,
  "yi-large-preview": 1.369863013698,
  "yi-large-rag": 1.712328767123,
  "yi-large-rag-preview": 1.712328767123,
  "yi-large-turbo": 0.821917808219,
  "yi-medium": 0.171232876713,
  "yi-medium-200k": 0.821917808219,
  "yi-spark": 0.068493150685,
  "yi-vision": 0.410958904109,
  "yi-vl-plus": 0.432,
  "zai-org/GLM-4.5-FP8": 0.8
}